interrupt Source,sub index,Interrupt Name,Description,security,Trigger, Polarity,to AP?,to SCP?,to MCP?,to IMU?,to IO?,to other DIE?,comment
IOSUB中断源,,,,,,,,,,,,,
,0,iosub_slv_err_intr,"iosub slave error interrupt，当前merge了如下源：
1）iosub_nic400_in_slverr_wr_intr
2）iosub_nic400_in_slverr_rd_intr
3）iosub_nic400_out_slverr_wr_intr
4）iosub_nic400_out_slverr_rd_intr
5）ioubs_apb1ton_pslverr_intr
6）iosub_usb0_apb1ton_intr
7）iosub_usb1_apb1ton_intr
8）iosub_usb_top_apb1ton_intr",non-secure,Level,Active high,YES,NO,NO,NO,NO,NO,原始为脉冲中断，接到中断五件套变成电平输出
,1,iosub_buffer_ovf_intr,预留中断，当前未使用,non-secure,Level,Active high,YES,NO,NO,NO,NO,NO,
,2,iosub_timeout_intr,预留中断，当前未使用,non-secure,Level,Active high,YES,NO,NO,NO,NO,NO,
,3,iosub_qspi_intr,IOSUB QSPI中断,non-secure,Level,Active high,YES,NO,NO,YES,NO,NO,
,4,iosub_spi_intr,IOSUB SPI中断,non-secure,Level,Active high,YES,NO,NO,YES,NO,NO,
,5,iosub_i2c0_intr,IOSUB I2C0/SMBUS0中断,non-secure,Level,Active high,YES,NO,NO,NO,NO,NO,
,6,iosub_i2c1_intr,IOSUB I2C1/SMBUS1中断,non-secure,Level,Active high,YES,NO,NO,NO,NO,NO,
,7,iosub_i2c2_intr,IOSUB I2C2/SMBUS2中断,non-secure,Level,Active high,YES,NO,NO,NO,NO,NO,
,8,iosub_pmbus0_intr,IOSUB PMBUS0中断,secure,Level,Active high,NO,NO,NO,NO,NO,YES,"1）merge到iosub_normal_int中断送给SCP/MCP
2）同时iosub_pmbus0_intr中断属于跨die中断，会额外单独送给SCP"
,9,iosub_pmbus1_intr,IOSUB PMBUS1中断,secure,Level,Active high,NO,NO,NO,NO,NO,NO,merge到1bit的iosub_normal_int分发
,10,iosub_uart0_intr,IOSUB UART0中断,secure,Level,Active high,YES,NO,NO,NO,NO,NO,UART0只送给N2
,11,iosub_uart1_intr,IOSUB UART1中断,non-secure,Level,Active high,YES,NO,NO,Possible,NO,NO,支持从4个UART选择送3个中断送给IMU，选择可配置
,12,iosub_uart2_intr,IOSUB UART2中断,non-secure,Level,Active high,YES,NO,NO,Possible,NO,NO,
,13,iosub_uart3_intr,IOSUB UART3中断,non-secure,Level,Active high,YES,NO,NO,Possible,NO,NO,
,14,iosub_uart4_intr,IOSUB UART4中断,non-secure,Level,Active high,YES,NO,NO,Possible,NO,NO,
,15,iosub_dimm_i3c0_intr,IOSUB DIMM-I3C0中断,secure or non-secure,Level,Active high,YES,NO,NO,NO,NO,NO,
,16,iosub_dimm_i3c1_intr,IOSUB DIMM-I3C1中断,secure or non-secure,Level,Active high,YES,NO,NO,NO,NO,NO,
,17,iosub_dimm_i3c2_intr,IOSUB DIMM-I3C2中断,secure or non-secure,Level,Active high,YES,NO,NO,NO,NO,NO,
,18,iosub_sideband_i3c0_intr,IOSUB SideBand-I3C0中断,non-secure,Level,Active high,YES,NO,NO,NO,NO,NO,
,19,iosub_gpio0_intr,IOSUB GPIO-0中断,non-secure,Level,Active high,YES,NO,NO,NO,NO,NO,
,20,iosub_gpio1_intr,IOSUB GPIO-1中断,non-secure,Level,Active high,YES,NO,NO,NO,NO,NO,
,21,iosub_gpio2_intr,IOSUB GPIO-2中断,non-secure,Level,Active high,YES,NO,NO,NO,NO,NO,
,22,iosub_rgmii0_q0_intr,IOSUB RGMII-0 queue 0中断,non-secure,Level,Active high,YES,NO,NO,NO,NO,NO,RGMII IP AP使用概览最大，SCP使用概率最小
,23,iosub_rgmii0_q1_intr,IOSUB RGMII-0 queue 1中断,non-secure,Level,Active high,YES,NO,NO,NO,NO,NO,
,24,iosub_rgmii0_q2_intr,IOSUB RGMII-0 queue 2中断,non-secure,Level,Active high,YES,NO,NO,NO,NO,NO,
,25,iosub_rgmii0_q3_intr,IOSUB RGMII-0 queue 3中断,non-secure,Level,Active high,YES,NO,NO,NO,NO,NO,
,26,iosub_rgmii1_q0_intr,IOSUB RGMII-1 queue 0中断,non-secure,Level,Active high,YES,NO,NO,NO,NO,NO,
,27,iosub_rgmii1_q1_intr,IOSUB RGMII-1 queue 1中断,non-secure,Level,Active high,YES,NO,NO,NO,NO,NO,
,28,iosub_rgmii1_q2_intr,IOSUB RGMII-1 queue 2中断,non-secure,Level,Active high,YES,NO,NO,NO,NO,NO,
,29,iosub_rgmii1_q3_intr,IOSUB RGMII-1 queue 3中断,non-secure,Level,Active high,YES,NO,NO,NO,NO,NO,
,30,iosub_pvt_intr,IOSUB PVT温度报警中断(= iosub_pvt0_intr | iosub_pvt1_intr),non-secure,Level,Active high,YES,NO,NO,NO,NO,YES,
,31,iosub_dfx_lte_intr,IOSUB DFX_LTE模块中断中断,secure or non-secure,Level,Active high,YES,NO,NO,NO,NO,NO,GIS-33的需求，可配安全属性
,32,iosub_dw_axi_dlock_intr,IOSUB DW AXI桥deadlock中断,non-secure,Level,Active high,YES,NO,NO,NO,NO,NO,
,33,iosub_mem_ist_intr,MEM IST完成中断,non-secure,Level,Active high,NO,NO,NO,NO,NO,NO,为了统一送给MSCP 的iosub_normal_int内容一样，也支持送给MCP，merge到1bit的iosub_normal_int分发
,34,iosub_dma_comreg_intr,IOSUB DMAC common中断,non-secure,Level,Active high,YES,NO,NO,YES,NO,NO,考虑给到MSCP的iosub_normal_intr统一性，也支持IOSUB DMAC中断送给SCP
,35,iosub_dma_ch0_intr,IOSUB DMAC channel中断,non-secure,Level,Active high,YES,NO,NO,Possible,NO,NO,16个送6个给IMU（Uart*3+QSPI+SPI+MEM2MEM)
,36,iosub_dma_ch1_intr,IOSUB DMAC channel中断,non-secure,Level,Active high,YES,NO,NO,Possible,NO,NO,DMAC的中断1+16bit会merge到1bit的iosub_normal_int分发给SCP/MCP
,37,iosub_dma_ch2_intr,IOSUB DMAC channel中断,non-secure,Level,Active high,YES,NO,NO,Possible,NO,NO,
,38,iosub_dma_ch3_intr,IOSUB DMAC channel中断,non-secure,Level,Active high,YES,NO,NO,Possible,NO,NO,
,39,iosub_dma_ch4_intr,IOSUB DMAC channel中断,non-secure,Level,Active high,YES,NO,NO,Possible,NO,NO,
,40,iosub_dma_ch5_intr,IOSUB DMAC channel中断,non-secure,Level,Active high,YES,NO,NO,Possible,NO,NO,
,41,iosub_dma_ch6_intr,IOSUB DMAC channel中断,non-secure,Level,Active high,YES,NO,NO,Possible,NO,NO,
,42,iosub_dma_ch7_intr,IOSUB DMAC channel中断,non-secure,Level,Active high,YES,NO,NO,Possible,NO,NO,
,43,iosub_dma_ch8_intr,IOSUB DMAC channel中断,non-secure,Level,Active high,YES,NO,NO,Possible,NO,NO,
,44,iosub_dma_ch9_intr,IOSUB DMAC channel中断,non-secure,Level,Active high,YES,NO,NO,Possible,NO,NO,
,45,iosub_dma_ch10_intr,IOSUB DMAC channel中断,non-secure,Level,Active high,YES,NO,NO,Possible,NO,NO,
,46,iosub_dma_ch11_intr,IOSUB DMAC channel中断,non-secure,Level,Active high,YES,NO,NO,Possible,NO,NO,
,47,iosub_dma_ch12_intr,IOSUB DMAC channel中断,non-secure,Level,Active high,YES,NO,NO,Possible,NO,NO,
,48,iosub_dma_ch13_intr,IOSUB DMAC channel中断,non-secure,Level,Active high,YES,NO,NO,Possible,NO,NO,
,49,iosub_dma_ch14_intr,IOSUB DMAC channel中断,non-secure,Level,Active high,YES,NO,NO,Possible,NO,NO,
,50,iosub_dma_ch15_intr,IOSUB DMAC channel中断,non-secure,Level,Active high,YES,NO,NO,Possible,NO,NO,
,51,iosub_pad_in_0_intr,INT IO输入中断，经过pad_int_proc处理得到,non-secure,Level,Active high,YES,YES,YES,YES,NO,NO,
,52,iosub_pad_in_1_intr,INT IO输入中断，经过pad_int_proc处理得到,non-secure,Level,Active high,YES,YES,YES,YES,NO,NO,
,53,iosub_pad_in_2_intr,INT IO输入中断，经过pad_int_proc处理得到,non-secure,Level,Active high,YES,YES,YES,YES,NO,NO,
,54,iosub_pad_in_3_intr,INT IO输入中断，经过pad_int_proc处理得到,non-secure,Level,Active high,YES,YES,YES,YES,NO,NO,
,55,iosub_pad_in_4_intr,INT IO输入中断，经过pad_int_proc处理得到,non-secure,Level,Active high,YES,YES,YES,YES,NO,NO,
,56,iosub_pad_in_5_intr,INT IO输入中断，经过pad_int_proc处理得到,non-secure,Level,Active high,YES,YES,YES,YES,NO,NO,
,57,iosub_pad_in_6_intr,INT IO输入中断，经过pad_int_proc处理得到,non-secure,Level,Active high,YES,YES,YES,YES,NO,NO,
,58,iosub_pad_in_7_intr,INT IO输入中断，经过pad_int_proc处理得到,non-secure,Level,Active high,YES,YES,YES,YES,NO,NO,
,59,iosub_pad_in_8_intr,INT IO输入中断，经过pad_int_proc处理得到,non-secure,Level,Active high,YES,YES,YES,YES,NO,NO,
,60,iosub_pad_in_9_intr,INT IO输入中断，经过pad_int_proc处理得到,non-secure,Level,Active high,YES,YES,YES,YES,NO,NO,
,61,iosub_pad_in_10_intr,INT IO输入中断，经过pad_int_proc处理得到,non-secure,Level,Active high,YES,YES,YES,YES,NO,NO,
,62,iosub_pad_in_11_intr,INT IO输入中断，经过pad_int_proc处理得到,non-secure,Level,Active high,YES,YES,YES,YES,NO,NO,
,63,iosub_pad_in_12_intr,INT IO输入中断，经过pad_int_proc处理得到,non-secure,Level,Active high,YES,YES,YES,YES,NO,NO,
,64,iosub_pad_in_13_intr,INT IO输入中断，经过pad_int_proc处理得到,non-secure,Level,Active high,YES,YES,YES,YES,NO,NO,
,65,iosub_pad_in_14_intr,INT IO输入中断，经过pad_int_proc处理得到,non-secure,Level,Active high,YES,YES,YES,YES,NO,NO,
,66,iosub_pad_in_15_intr,INT IO输入中断，经过pad_int_proc处理得到,non-secure,Level,Active high,YES,YES,YES,YES,NO,NO,
,67,iosub_watchdog_io_intr,外部狗中断,non-secure,Level,Active high,YES,YES,YES,NO,NO,NO,
,68,iosub_pll_lock_intr,IOSUB PLL lock中断,secure,Level,Active high,NO,NO,NO,NO,NO,NO,与其他PLL merge成最终5bit PLL中断，再送给SCP
,69,iosub_pll_unlock_intr,IOSUB PLL unlock中断,secure,Level,Active high,NO,NO,NO,NO,NO,NO,与其他PLL merge成最终5bit PLL中断，再送给SCP
,70,iosub_ras_cri_intr,IOSUB MEM RAS中断+SMMU RAS + IODAP RAS,non-secure,Level,Active high,YES,YES,YES,NO,NO,NO,
,71,iosub_ras_eri_intr,IOSUB MEM RAS中断+SMMU RAS + IODAP RAS,non-secure,Level,Active high,YES,YES,YES,NO,NO,NO,
,72,iosub_ras_fhi_intr,IOSUB MEM RAS中断+SMMU RAS + IODAP RAS,non-secure,Level,Active high,YES,YES,YES,NO,NO,NO,
,73,iosub_strap_load_fail_intr,strap加载失败中断，送到片外,secure,Level,Active high,NO,NO,NO,NO,YES,NO,
,74,iosub_abnormal_0_intr,"包含了：
1）IODAP异常中断：iodap_etr_buf_intr和iodap_catu_addrerr_intr",non-secure,Level,Active high,YES,YES,YES,NO,NO,NO,
,75,iosub_abnormal_1_intr,reseved,non-secure,Level,Active high,YES,YES,YES,NO,NO,NO,
,76,iosub_normal_intr,merge IOSUB多个外设中断，给到MCP+SCP使用,non-secure,Level,Active high,NO,YES,YES,NO,NO,NO,"包含的中断参考sheet ""iosub_normal_int中断源"""
,77,pvt_temp_alarm_intr,PVT产生的过温下电中断，送给IO (= pvt0_temp_alarm_intr | pvt1_temp_alarm_intr),non-secure,Level,Active high,NO,NO,NO,NO,YES,NO,
,78,merge_pll_intr_lock,所有的PLL lock中断在IOSUB内merge之后的中断,secure,Level,Active high,NO,YES,NO,NO,NO,NO,
,79,merge_pll_intr_unlock,所有的PLL unlock中断在IOSUB内merge之后的中断,secure,Level,Active high,NO,YES,NO,NO,NO,NO,
,80,merge_pll_intr_frechangedone,所有的PLL frechangedone中断在IOSUB内merge之后的中断,secure,Level,Active high,NO,YES,NO,NO,NO,NO,
,81,merge_pll_intr_frechange_tot_done,所有的PLL frechange_tot_done中断在IOSUB内merge之后的中断,secure,Level,Active high,NO,YES,NO,NO,NO,NO,
,82,merge_pll_intr_intdocfrac_err,所有的PLL intdocfrac_err中断在IOSUB内merge之后的中断,secure,Level,Active high,NO,YES,NO,NO,NO,NO,
USB中断源,,,,,,,,,,,,,
,0,usb0_ctrl_xhci_intr,"controller xHCI interrupt
=iosub_usb_intr[0]",non-secure,Level,Active high,YES,NO,NO,NO,NO,NO,同步之后直连SPI-C，IOSUB无MASK寄存器
,1,usb0_ctrl_otg_intr,"dual more control interrupt request
=iosub_usb_intr[1]",non-secure,Level,Active high,YES,NO,NO,NO,NO,NO,
,2,usb0_ctrl_dev_intr,"only in device mode
=iosub_usb_intr[2]",non-secure,Level,Active high,YES,NO,NO,NO,NO,NO,
,3,usb0_ctrl_sys_intr,"sys error interrupt
=iosub_usb_intr[3]",non-secure,Level,Active high,YES,NO,NO,NO,NO,NO,
,4,usb0_phy3_intr,"USB3.2 PHY interrupt
=iosub_usb_intr[4]",non-secure,Level,Active high,YES,NO,NO,NO,NO,NO,
,5,usb1_ctrl_xhci_intr,"controller xHCI interrupt
=iosub_usb_intr[5]",non-secure,Level,Active high,YES,NO,NO,NO,NO,NO,
,6,usb1_ctrl_otg_intr,"dual more control interrupt request
=iosub_usb_intr[6]",non-secure,Level,Active high,YES,NO,NO,NO,NO,NO,
,7,usb1_ctrl_dev_intr,"only in device mode
=iosub_usb_intr[7]",non-secure,Level,Active high,YES,NO,NO,NO,NO,NO,
,8,usb1_ctrl_sys_intr,"sys error interrupt
=iosub_usb_intr[8]",non-secure,Level,Active high,YES,NO,NO,NO,NO,NO,
,9,usb1_phy3_intr,"USB3.2 PHY interrupt
=iosub_usb_intr[9]",non-secure,Level,Active high,YES,NO,NO,NO,NO,NO,
,10,usb0_apb1ton_intr,,non-secure,Level,Active high,NO,NO,NO,NO,NO,NO,merge到iosub_slv_err_intr后分发
,11,usb1_apb1ton_intr,,non-secure,Level,Active high,NO,NO,NO,NO,NO,NO,
,12,usb_top_apb1ton_intr,,non-secure,Level,Active high,NO,NO,NO,NO,NO,NO,
SCP中断源,,,,,,,,,,,,,
,0,scp_wdt0_ws0,,secure,Level,Active high,NO,YES,YES,NO,NO,NO,
,1,scp_wdt0_ws1,,secure,Level,Active high,NO,NO,YES,NO,NO,NO,
,2,scp_wdt1_ws0,,secure,Level,Active high,NO,YES,YES,NO,NO,NO,
,3,scp_wdt1_ws1,,secure,Level,Active high,NO,NO,YES,NO,NO,NO,
,4,scp_timer64_0_intr,,secure,Level,Active high,NO,YES,NO,NO,NO,NO,
,5,scp_timer64_1_intr,,secure,Level,Active high,NO,YES,NO,NO,NO,NO,
,6,scp_timer64_2_intr,,secure,Level,Active high,NO,YES,NO,NO,NO,NO,
,7,scp_timer64_3_intr,,secure,Level,Active high,NO,YES,NO,NO,NO,NO,
,8,scp_cpu_bus_fault_intr,response error（源包含多bit，merge之后提供raw status信息）,secure,Level,Active high,NO,YES,NO,NO,NO,NO,
,9,scp_acl_intr,,secure,Level,Active high,NO,YES,NO,NO,NO,NO,
,10,scp_cpu_cti_irq[0],,secure,Edge,Rising & Falling Edge,NO,YES,NO,NO,NO,NO,
,11,scp_cpu_cti_irq[1],,secure,Edge,Rising & Falling Edge,NO,YES,NO,NO,NO,NO,
,12,scp2ap_mhu_send_intr_0,,secure,Level,Active high,NO,YES,NO,NO,NO,NO,
,13,scp2ap_mhu_send_intr_1,,secure,Level,Active high,NO,YES,NO,NO,NO,NO,
,14,scp2ap_mhu_send_intr_2,,secure,Level,Active high,NO,YES,NO,NO,NO,NO,
,15,scp2ap_mhu_send_intr_3,,secure,Level,Active high,NO,YES,NO,NO,NO,NO,
,16,scp2ap_mhu_receive_intr_0,,secure,Level,Active high,YES,NO,NO,NO,NO,NO,
,17,scp2ap_mhu_receive_intr_1,,secure,Level,Active high,YES,NO,NO,NO,NO,NO,
,18,scp2ap_mhu_receive_intr_2,,secure,Level,Active high,YES,NO,NO,NO,NO,NO,
,19,scp2ap_mhu_receive_intr_3,,secure,Level,Active high,YES,NO,NO,NO,NO,NO,
,20,mcp2ap_mhu_send_intr_0,,secure,Level,Active high,NO,NO,YES,NO,NO,NO,
,21,mcp2ap_mhu_send_intr_1,,secure,Level,Active high,NO,NO,YES,NO,NO,NO,
,22,mcp2ap_mhu_send_intr_2,,secure,Level,Active high,NO,NO,YES,NO,NO,NO,
,23,mcp2ap_mhu_send_intr_3,,secure,Level,Active high,NO,NO,YES,NO,NO,NO,
,24,mcp2ap_mhu_receive_intr_0,,secure,Level,Active high,YES,NO,NO,NO,NO,NO,
,25,mcp2ap_mhu_receive_intr_1,,secure,Level,Active high,YES,NO,NO,NO,NO,NO,
,26,mcp2ap_mhu_receive_intr_2,,secure,Level,Active high,YES,NO,NO,NO,NO,NO,
,27,mcp2ap_mhu_receive_intr_3,,secure,Level,Active high,YES,NO,NO,NO,NO,NO,
,28,ap2scp_mhu_send_intr_0,,secure,Level,Active high,YES,NO,NO,NO,NO,NO,
,29,ap2scp_mhu_send_intr_1,,secure,Level,Active high,YES,NO,NO,NO,NO,NO,
,30,ap2scp_mhu_send_intr_2,,secure,Level,Active high,YES,NO,NO,NO,NO,NO,
,31,ap2scp_mhu_send_intr_3,,secure,Level,Active high,YES,NO,NO,NO,NO,NO,
,32,ap2scp_mhu_receive_intr_0,,secure,Level,Active high,NO,YES,NO,NO,NO,NO,
,33,ap2scp_mhu_receive_intr_1,,secure,Level,Active high,NO,YES,NO,NO,NO,NO,
,34,ap2scp_mhu_receive_intr_2,,secure,Level,Active high,NO,YES,NO,NO,NO,NO,
,35,ap2scp_mhu_receive_intr_3,,secure,Level,Active high,NO,YES,NO,NO,NO,NO,
,36,ap2mcp_mhu_send_intr_0,,secure,Level,Active high,YES,NO,NO,NO,NO,NO,
,37,ap2mcp_mhu_send_intr_1,,secure,Level,Active high,YES,NO,NO,NO,NO,NO,
,38,ap2mcp_mhu_send_intr_2,,secure,Level,Active high,YES,NO,NO,NO,NO,NO,
,39,ap2mcp_mhu_send_intr_3,,secure,Level,Active high,YES,NO,NO,NO,NO,NO,
,40,ap2mcp_mhu_receive_intr_0,,secure,Level,Active high,NO,NO,YES,NO,NO,NO,
,41,ap2mcp_mhu_receive_intr_1,,secure,Level,Active high,NO,NO,YES,NO,NO,NO,
,42,ap2mcp_mhu_receive_intr_2,,secure,Level,Active high,NO,NO,YES,NO,NO,NO,
,43,ap2mcp_mhu_receive_intr_3,,secure,Level,Active high,NO,NO,YES,NO,NO,NO,
,44,scp2mcp_mhu_send_intr,,secure,Level,Active high,NO,YES,NO,NO,NO,NO,
,45,scp2mcp_mhu_receive_intr,,secure,Level,Active high,NO,NO,YES,NO,NO,NO,
,46,mcp2scp_mhu_send_intr,,secure,Level,Active high,NO,NO,YES,NO,NO,NO,
,47,mcp2scp_mhu_receive_intr,,secure,Level,Active high,NO,YES,NO,NO,NO,NO,
,48,d2d_scp2scp_mhu_send_intr_0,,secure,Level,Active high,NO,YES,NO,NO,NO,NO,
,49,d2d_scp2scp_mhu_send_intr_1,,secure,Level,Active high,NO,YES,NO,NO,NO,NO,
,50,d2d_scp2scp_mhu_send_intr_2,,secure,Level,Active high,NO,YES,NO,NO,NO,NO,
,51,d2d_scp2mcp_mhu_send_intr_0,,secure,Level,Active high,NO,YES,NO,NO,NO,NO,
,52,d2d_scp2mcp_mhu_send_intr_1,,secure,Level,Active high,NO,YES,NO,NO,NO,NO,
,53,d2d_scp2mcp_mhu_send_intr_2,,secure,Level,Active high,NO,YES,NO,NO,NO,NO,
,54,d2d_mcp2mcp_mhu_send_intr_0,,secure,Level,Active high,NO,NO,YES,NO,NO,NO,
,55,d2d_mcp2mcp_mhu_send_intr_1,,secure,Level,Active high,NO,NO,YES,NO,NO,NO,
,56,d2d_mcp2mcp_mhu_send_intr_2,,secure,Level,Active high,NO,NO,YES,NO,NO,NO,
,57,d2d_mcp2scp_mhu_send_intr_0,,secure,Level,Active high,NO,NO,YES,NO,NO,NO,
,58,d2d_mcp2scp_mhu_send_intr_1,,secure,Level,Active high,NO,NO,YES,NO,NO,NO,
,59,d2d_mcp2scp_mhu_send_intr_2,,secure,Level,Active high,NO,NO,YES,NO,NO,NO,
,60,d2d_scp2scp_mhu_receive_intr_0,片外输入，经过消息转线得到,secure,Level,Active high,NO,YES,NO,NO,NO,YES,
,61,d2d_scp2scp_mhu_receive_intr_1,片外输入，经过消息转线得到,secure,Level,Active high,NO,YES,NO,NO,NO,YES,
,62,d2d_scp2scp_mhu_receive_intr_2,片外输入，经过消息转线得到,secure,Level,Active high,NO,YES,NO,NO,NO,YES,
,63,d2d_scp2mcp_mhu_receive_intr_0,片外输入，经过消息转线得到,secure,Level,Active high,NO,NO,YES,NO,NO,YES,
,64,d2d_scp2mcp_mhu_receive_intr_1,片外输入，经过消息转线得到,secure,Level,Active high,NO,NO,YES,NO,NO,YES,
,65,d2d_scp2mcp_mhu_receive_intr_2,片外输入，经过消息转线得到,secure,Level,Active high,NO,NO,YES,NO,NO,YES,
,66,d2d_mcp2mcp_mhu_receive_intr_0,片外输入，经过消息转线得到,secure,Level,Active high,NO,NO,YES,NO,NO,YES,
,67,d2d_mcp2mcp_mhu_receive_intr_1,片外输入，经过消息转线得到,secure,Level,Active high,NO,NO,YES,NO,NO,YES,
,68,d2d_mcp2mcp_mhu_receive_intr_2,片外输入，经过消息转线得到,secure,Level,Active high,NO,NO,YES,NO,NO,YES,
,69,d2d_mcp2scp_mhu_receive_intr_0,片外输入，经过消息转线得到,secure,Level,Active high,NO,YES,NO,NO,NO,YES,
,70,d2d_mcp2scp_mhu_receive_intr_1,片外输入，经过消息转线得到,secure,Level,Active high,NO,YES,NO,NO,NO,YES,
,71,d2d_mcp2scp_mhu_receive_intr_2,片外输入，经过消息转线得到,secure,Level,Active high,NO,YES,NO,NO,NO,YES,
,72,scp_ts_sync_0_intr,,secure,Level,Active high,NO,YES,NO,NO,NO,NO,
,73,scp_ts_sync_1_intr,,secure,Level,Active high,NO,YES,NO,NO,NO,NO,
,74,scp_ts_sync_2_intr,,secure,Level,Active high,NO,YES,NO,NO,NO,NO,
,75,scp_i3c_dma_0_intr,,secure,Level,Active high,NO,YES,NO,NO,NO,NO,
,76,scp_i3c_dma_1_intr,,secure,Level,Active high,NO,YES,NO,NO,NO,NO,
,77,scp_i3c_dma_2_intr,,secure,Level,Active high,NO,YES,NO,NO,NO,NO,
,78,scp_dma_intr,,secure,Level,Active high,NO,YES,NO,NO,NO,NO,
,79,scp_efuse_intr,,secure,Level,Active high,NO,YES,NO,NO,NO,NO,
,80,scp_qspi_intr,,secure,Level,Active high,NO,YES,NO,NO,NO,NO,
,81,scp_spi_intr,,secure,Level,Active high,NO,YES,NO,NO,NO,NO,
,82,scp_uart_intr,,secure,Level,Active high,NO,YES,NO,NO,NO,NO,
,83,scp_smbus_intr,,secure,Level,Active high,NO,YES,NO,NO,NO,NO,
,84,scp_gpio_intr,,secure,Level,Active high,NO,YES,NO,NO,NO,NO,
,85,scp_i2c_intr,,secure,Level,Active high,NO,YES,NO,NO,NO,NO,
,86,scp_ske_intr,,secure,Level,Active high,YES,YES,NO,NO,NO,NO,
,87,scp_pke_intr,,secure,Level,Active high,YES,YES,NO,NO,NO,NO,
,88,scp_hash_intr,,secure,Level,Active high,YES,YES,NO,NO,NO,NO,
,89,scp_trng_intr,,secure,Level,Active high,YES,YES,NO,NO,NO,NO,
,90,scp_ras_cri_intr,,secure,Level,Active high,YES,YES,YES,NO,NO,NO,3bit RAS先送给IOSUB进行分发
,91,scp_ras_eri_intr,,secure,Level,Active high,YES,YES,YES,NO,NO,NO,
,92,scp_ras_fhi_intr,,secure,Level,Active high,YES,YES,YES,NO,NO,NO,
,93,scp2io_wdt_ws1_intr,scp通过IO送到片外的wdt中断,secure,Level,Active high,NO,NO,NO,NO,YES,NO,
,94,scp_sram_bus_fault_intr,,secure,Level,Active high,NO,YES,NO,NO,NO,NO,
,95,d2d_d0_n2_wakeup_intr,从DIE N2 Core Wakeup信号汇聚后通过MSG-GEN路由给主DIE SCP,non-secure,Level,Active high,NO,YES,NO,NO,NO,NO,
,96,d2d_d0_n2_ws1_intr,从DIE N2 Watchdog WS1信号汇聚后通过MSG-GEN 路由给主DIE SC,non-secure,Level,Active high,NO,YES,NO,NO,NO,NO,
,97,d2d_d0_iosub_pmbus0_intr,从DIE PMBUS0 送到主DIE SCP,non-secure,Level,Active high,NO,YES,NO,NO,NO,NO,
,98,d2d_d0_iosub_pvt_intr,从DIE PVT 送到主DIE SCP,non-secure,Level,Active high,NO,YES,NO,NO,NO,NO,
,99,d2d_d1_n2_wakeup_intr,从DIE N2 Core Wakeup信号汇聚后通过MSG-GEN路由给主DIE SCP,non-secure,Level,Active high,NO,YES,NO,NO,NO,NO,
,100,d2d_d1_n2_ws1_intr,从DIE N2 Watchdog WS1信号汇聚后通过MSG-GEN 路由给主DIE SC,non-secure,Level,Active high,NO,YES,NO,NO,NO,NO,
,101,d2d_d1_iosub_pmbus0_intr,从DIE PMBUS0 送到主DIE SCP,non-secure,Level,Active high,NO,YES,NO,NO,NO,NO,
,102,d2d_d1_iosub_pvt_intr,从DIE PVT 送到主DIE SCP,non-secure,Level,Active high,NO,YES,NO,NO,NO,NO,
,103,d2d_d2_n2_wakeup_intr,从DIE N2 Core Wakeup信号汇聚后通过MSG-GEN路由给主DIE SCP,non-secure,Level,Active high,NO,YES,NO,NO,NO,NO,
,104,d2d_d2_n2_ws1_intr,从DIE N2 Watchdog WS1信号汇聚后通过MSG-GEN 路由给主DIE SC,non-secure,Level,Active high,NO,YES,NO,NO,NO,NO,
,105,d2d_d2_iosub_pmbus0_intr,从DIE PMBUS0 送到主DIE SCP,non-secure,Level,Active high,NO,YES,NO,NO,NO,NO,
,106,d2d_d2_iosub_pvt_intr,从DIE PVT 送到主DIE SCP,non-secure,Level,Active high,NO,YES,NO,NO,NO,NO,
,107,d2d_d0_imu_acc_intr,从DIE IMU-ACC异常信号通过MSG-GEN路由给主DIE MCP,non-secure,Level,Active high,NO,NO,YES,NO,NO,NO,
,108,d2d_d1_imu_acc_intr,从DIE IMU-ACC异常信号通过MSG-GEN路由给主DIE MCP,non-secure,Level,Active high,NO,NO,YES,NO,NO,NO,
,109,d2d_d2_imu_acc_intr,从DIE IMU-ACC异常信号通过MSG-GEN路由给主DIE MCP,non-secure,Level,Active high,NO,NO,YES,NO,NO,NO,
,110,slcm_fault_intr,SLCM 状态机fault中断,secure,Level,Active high,NO,YES,NO,NO,NO,NO,
MCP中断源,,,,,,,,,,,,,
,0,mcp_wdt0_ws0,,non-secure,Level,Active high,NO,YES,YES,NO,NO,NO,
,1,mcp_wdt0_ws1,,non-secure,Level,Active high,NO,YES,NO,NO,NO,NO,
,2,mcp_wdt1_ws0,,non-secure,Level,Active high,NO,YES,YES,NO,NO,NO,
,3,mcp_wdt1_ws1,,non-secure,Level,Active high,NO,YES,NO,NO,NO,NO,
,4,mcp_timer64_0_intr,,non-secure,Level,Active high,NO,NO,YES,NO,NO,NO,
,5,mcp_timer64_1_intr,,non-secure,Level,Active high,NO,NO,YES,NO,NO,NO,
,6,mcp_timer64_2_intr,,non-secure,Level,Active high,NO,NO,YES,NO,NO,NO,
,7,mcp_timer64_3_intr,,non-secure,Level,Active high,NO,NO,YES,NO,NO,NO,
,8,mcp_uart_intr,,non-secure,Level,Active high,NO,NO,YES,NO,NO,NO,
,9,mcp_smbus_intr,,non-secure,Level,Active high,NO,NO,YES,NO,NO,NO,
,10,mcp_gpio_intr,,non-secure,Level,Active high,NO,NO,YES,NO,NO,NO,
,11,mcp_i2c_intr,,non-secure,Level,Active high,NO,NO,YES,NO,NO,NO,
,12,mcp_cpu_bus_fault_intr,response error（源包含多bit，merge之后提供raw status信息）,non-secure,Level,Active high,NO,NO,YES,NO,NO,NO,
,13,mcp_acl_intr,,non-secure,Level,Active high,NO,NO,YES,NO,NO,NO,
,14,mcp_cpu_cti_irq[0],,non-secure,Edge,Rising & Falling Edge,NO,NO,YES,NO,NO,NO,
,15,mcp_cpu_cti_irq[1],,non-secure,Edge,Rising & Falling Edge,NO,NO,YES,NO,NO,NO,
,16,mcp_ras_cri_intr,,non-secure,Level,Active high,YES,YES,YES,NO,NO,NO,3bit RAS先送给IOSUB进行分发
,17,mcp_ras_eri_intr,,non-secure,Level,Active high,YES,YES,YES,NO,NO,NO,
,18,mcp_ras_fhi_intr,,non-secure,Level,Active high,YES,YES,YES,NO,NO,NO,
,19,mcp2io_wdt_ws1_intr,mcp通过IO送到片外的wdt中断,non-secure,Level,Active high,NO,NO,NO,NO,YES,NO,
,20,mcp_sram_bus_fault_intr,,non-secure,Level,Active high,NO,NO,YES,NO,NO,NO,
SMMU中断源,,,,,,,,,,,,,
,0,intr_tcu_ups_event_q_irpt_s,"Event queue, Secure interrupt. Asserts a Secure interrupt to indicate that the Event queue is not empty or has overflowed.",secure,Pulse,Active high,YES,NO,NO,NO,NO,NO,
,1,intr_tcu_ups_cmd_sync_irpt_s,"SYNC complete, Secure interrupt. Asserts a Secure interrupt to indicate that the CMD SYNC command is complete.",secure,Pulse,Active high,YES,NO,NO,NO,NO,NO,
,2,intr_tcu_ups_global_irpt_s,Asserts a global secure interrupt,secure,Pulse,Active high,YES,NO,NO,NO,NO,NO,
,3,intr_tcu_ups_gpf_far,Edge-triggered signal to indicate that an error becomes active in SMMU_ROOT_GPF_FAR,secure,Pulse,Active high,YES,NO,NO,NO,NO,NO,
,4,intr_tcu_ups_gpt_cfg_far,Edge-triggered signal to indicate that an error becomes active in SMMU_ROOT_GPT_CFG_FAR,secure,Pulse,Active high,YES,NO,NO,NO,NO,NO,
,5,intr_tcu_ups_event_q_irpt_ns,"Event queue, Non-Secure interrupt. Asserts a Non‑Secure interrupt to indicate that the Event queue is not empty or has overflowed.",non-secure,Pulse,Active high,YES,NO,NO,NO,NO,NO,
,6,intr_tcu_ups_cmd_sync_irpt_ns,"SYNC complete, Non‑secure interrupt. Asserts a Non‑secure interrupt to indicate that the CMD_SYNC command is complete.",non-secure,Pulse,Active high,YES,NO,NO,NO,NO,NO,
,7,intr_tcu_ups_global_irpt_ns,Asserts a global Non‑secure interrupt,non-secure,Pulse,Active high,YES,NO,NO,NO,NO,NO,
,8,intr_tcu_ups_pmu_irpt,Asserts a PWU interrupt.,non-secure,Pulse,Active high,YES,NO,NO,NO,NO,NO,
,9,intr_tcu_ups_pri_q_irpt_ns,Asserts a Page Request Interface (PRI) queue interrupt,non-secure,Pulse,Active high,YES,NO,NO,NO,NO,NO,
,10,intr_tbu0_ups_pmu_irpt,pwllinterruot,non-secure,Pulse,Active high,YES,NO,NO,NO,NO,NO,
,11,intr_tbu0_ups_crit_err,Edge-triggered critical error,non-secure,Pulse,Active high,YES,NO,NO,NO,NO,NO,
,12,smmu_abnormal_intr,SMMU的Abnormal中断，详细见SMMU中断源表,non-secure,Level,Active high,YES,YES,YES,NO,NO,NO,
,13,smmu_normal_intr_ns,"SMMU normal interrupt, converge by smmu other normal interrupt",non-secure,Level,Active high,YES,YES,YES,NO,NO,NO,
,14,smmu_normal_intr_s,"SMMU normal interrupt, converge by smmu other normal interrupt",secure,Level,Active high,YES,YES,YES,NO,NO,NO,
,15,smmu_cri_intr,SMMU RAS中断,non-secure,Level,Active high,NO,NO,NO,NO,NO,NO,merge到iosub ras中断送出，不单独送
,16,smmu_eri_intr,SMMU RAS中断,non-secure,Level,Active high,NO,NO,NO,NO,NO,NO,merge到iosub ras中断送出，不单独送
,17,smmu_fhi_intr,SMMU RAS中断,non-secure,Level,Active high,NO,NO,NO,NO,NO,NO,merge到iosub ras中断送出，不单独送
IODAP中断源,,,,,,,,,,,,,
,0,iodap_chk_err_etf0,IOSUB ETF 0 mem ras 奇偶校验错误中断（不可纠错）,non-secure,Level,Active high,NO,NO,NO,NO,NO,NO,merge到iosub ras 2bit error中断送出，不单独送
,1,iodap_chk_err_etf1,IOSUB ETF 1 mem ras 奇偶校验错误中断（不可纠错）,non-secure,Level,Active high,NO,NO,NO,NO,NO,NO,merge到iosub ras 2bit error中断送出，不单独送
,2,iodap_etr_buf_intr,SW模式下IOSUB ETR 0 fifo满中断，行为与full相同,non-secure,Level,Active high,NO,NO,NO,NO,NO,NO,merge到iosub_abnormal_0_intr送出，不单独送
,3,iodap_catu_addrerr_intr,IOSUB CATU 0地址翻译失败中断,non-secure,Level,Active high,NO,NO,NO,NO,NO,NO,merge到iosub_abnormal_0_intr送出，不单独送
,4,iodap_sdc600_intr,APB COMint给agent的中断信号(有消息传入），复位值为LOW，直接送给SCP,non-secure,Level,Active high,NO,YES,NO,NO,NO,NO,
外部中断源-from ACCEL,,,,,,,,,,,,,
,0,accel_iosub_scp2imu_mhu_send_intr,IMU送出的MHU中断,non-secure,Level,Active high,NO,YES,NO,NO,NO,NO,
,1,accel_iosub_imu2scp_mhu_receive_intr,IMU送出的MHU中断,non-secure,Level,Active high,NO,YES,NO,NO,NO,NO,
,2,accel_iosub_imu_ws1_intr,IMU送出的WDT中断,non-secure,Level,Active high,NO,YES,NO,NO,NO,NO,
,3,accel_iosub_mcp2imu_mhu_send_intr,IMU送出的MHU中断,non-secure,Level,Active high,NO,NO,YES,NO,NO,NO,
,4,accel_iosub_imu2mcp_mhu_receive_intr,IMU送出的MHU中断,non-secure,Level,Active high,NO,NO,YES,NO,NO,NO,
,5,accel_ras_cri_intr,参考《Greenland顶层与子系统间接口_ACCEL.xlsx》accel_to_iosub_intr信号描述,non-secure,Level,Active high,YES,YES,YES,NO,NO,NO,
,6,accel_ras_eri_intr,,non-secure,Level,Active high,YES,YES,YES,NO,NO,NO,
,7,accel_ras_fhi_intr,,non-secure,Level,Active high,YES,YES,YES,NO,NO,NO,
,8,accel_normal0_intr,,secure,Level,Active high,YES,YES,YES,NO,NO,NO,
,9,accel_normal1_intr,,non-secure,Level,Active high,YES,YES,YES,NO,NO,NO,
,10,accel_normal2_intr,,non-secure,Level,Active high,YES,YES,YES,NO,NO,NO,
,11,accel_normal3_intr,,non-secure,Level,Active high,YES,YES,YES,NO,NO,NO,
,12,accel_abnormal0_intr,,non-secure,Level,Active high,YES,YES,YES,NO,NO,NO,
,13,accel_abnormal1_intr,,non-secure,Level,Active high,YES,YES,YES,NO,NO,NO,
,14,accel_abnormal2_intr,,non-secure,Level,Active high,YES,YES,YES,NO,NO,NO,
,15,accel_abnormal3_intr,,non-secure,Level,Active high,YES,YES,YES,NO,NO,NO,
,16,accel_abnormal4_intr,,non-secure,Level,Active high,YES,YES,YES,NO,NO,NO,
,17,accel_abnormal5_intr,,non-secure,Level,Active high,YES,YES,YES,NO,NO,NO,
,18,accel_pll_lock_intr,,secure,Level,Active high,NO,NO,NO,NO,NO,NO,IOSUB内merge成1bit送给SCP
,19,accel_pll_unlock_intr,,secure,Level,Active high,NO,NO,NO,NO,NO,NO,IOSUB内merge成1bit送给SCP
外部中断源-from CSUB,,,,,,,,,,,,,
,0,csub_pll_intr_lock[16:0],CSUB PLL lock中断，共17bit,secure,Level,Active high,NO,NO,NO,NO,NO,NO,IOSUB内merge成1bit送给SCP
,1,csub_pll_intr_unlock[16:0],CSUB PLL unlock中断，共17bit,secure,Level,Active high,NO,NO,NO,NO,NO,NO,
,2,csub_pll_intr_frechangedone[16:0],CSUB PLL SSC完成一次缓变频中断，电平中断，共17bit,secure,Level,Active high,NO,NO,NO,NO,NO,NO,
,3,csub_pll_intr_frechange_tot_done[16:0],CSUB PLL SSC完成缓变频加速中断，电平中断，共17bit,secure,Level,Active high,NO,NO,NO,NO,NO,NO,
,4,csub_pll_intr_intdocfrac_err[16:0],CSUB PLL SSC送给pll的分频系数超过目标频率的异常中断，电平中断，共17bit,secure,Level,Active high,NO,NO,NO,NO,NO,NO,
,5,csub_sec_eri_intr,安全CHI传输引发的ram 1 bit ecc error等，参考《Greenland顶层与子系统间接口_CSUB.xlsx》csub_to_iosub_intr信号描述,secure,Level,Active high,YES,YES,YES,NO,NO,NO,
,6,csub_sec_fhi_intr,安全CHI传输引发的ram 2 bit ecc error等，参考《Greenland顶层与子系统间接口_CSUB.xlsx》csub_to_iosub_intr信号描述,secure,Level,Active high,YES,YES,YES,NO,NO,NO,
,7,csub_ns_cri_intr,子系统不用输出，IOSUB处tie 0即可,non-secure,Level,Active high,YES,YES,YES,NO,NO,NO,
,8,csub_ns_eri_intr,非安全CHI传输引发的ram 1 bit ecc error等，参考《Greenland顶层与子系统间接口_CSUB.xlsx》csub_to_iosub_intr信号描述,non-secure,Level,Active high,YES,YES,YES,NO,NO,NO,
,9,csub_ns_fhi_intr,非安全CHI传输引发的ram 2 bit ecc error等，参考《Greenland顶层与子系统间接口_CSUB.xlsx》csub_to_iosub_intr信号描述,non-secure,Level,Active high,YES,YES,YES,NO,NO,NO,
,10,csub_normal0_intr,参考《Greenland顶层与子系统间接口_CSUB.xlsx》csub_to_iosub_intr信号描述,non-secure,Level,Active high,YES,YES,YES,NO,NO,NO,
,11,csub_normal1_intr,,secure,Level,Active high,YES,YES,YES,NO,NO,NO,
,12,csub_abnormal0_intr,,non-secure,Level,Active high,YES,YES,YES,NO,NO,NO,
,13,csub_abnormal1_intr,,non-secure,Level,Active high,YES,YES,YES,NO,NO,NO,
,14,csub_abnormal2_intr,,secure,Level,Active high,YES,YES,YES,NO,NO,NO,
,15,gicsub_fhi_intr,,non-secure,Level,Active high,YES,YES,YES,NO,NO,NO,
,16,gicsub_eri_intr,,non-secure,Level,Active high,YES,YES,YES,NO,NO,NO,
,17,csub_ram_eri_intr,GICSUB中或CSUB_ICN中的Global SRAM发生了ECC错误，参考《Greenland顶层与子系统间接口_CSUB.xlsx》csub_to_iosub_intr信号描述,non-secure,Level,Active high,YES,YES,YES,NO,NO,NO,
,18,csub_ram_fhi_intr,GICSUB中或CSUB_ICN中的Global SRAM发生了ECC错误，参考《Greenland顶层与子系统间接口_CSUB.xlsx》csub_to_iosub_intr信号描述,non-secure,Level,Active high,YES,YES,YES,NO,NO,NO,
,19,n2_fhi_intr,N2或N2内部ETF FHI中断，参考《Greenland顶层与子系统间接口_CSUB.xlsx》csub_to_iosub_intr信号描述,non-secure,Level,Active high,YES,YES,YES,NO,NO,NO,
,20,n2_eri_intr,N2或N2内部ETF ERI中断，参考《Greenland顶层与子系统间接口_CSUB.xlsx》csub_to_iosub_intr信号描述,non-secure,Level,Active high,YES,YES,YES,NO,NO,NO,
,21,n2_ws0_intr,watchdog计数到第一级阈值counter产生的中断，参考《Greenland顶层与子系统间接口_CSUB.xlsx》csub_to_iosub_intr信号描述,non-secure,Level,Active high,YES,YES,YES,NO,NO,NO,
,22,n2_ws1_intr,watchdog计数到第二级阈值counter产生的中断，参考《Greenland顶层与子系统间接口_CSUB.xlsx》csub_to_iosub_intr信号描述,non-secure,Level,Active high,YES,YES,YES,NO,NO,YES,
,23,n2_clusterppuirq,cluster PPU 发生power mode的切换，参考《Greenland顶层与子系统间接口_CSUB.xlsx》csub_to_iosub_intr信号描述,secure,Level,Active high,NO,YES,NO,NO,NO,NO,
,24,n2_coreppuirq,core PPU 发生power mode的切换，参考《Greenland顶层与子系统间接口_CSUB.xlsx》csub_to_iosub_intr信号描述,secure,Level,Active high,NO,YES,NO,NO,NO,NO,
,25,n2_comb_intr,IP drop中断，参考《Greenland顶层与子系统间接口_CSUB.xlsx》csub_to_iosub_intr信号描述,non-secure,Level,Active high,NO,YES,NO,NO,NO,NO,
,26,csub_normal2_intr,用于N2下电时，中断产生对应N2的唤醒信号，参考《Greenland顶层与子系统间接口_CSUB.xlsx》csub_to_iosub_intr信号描述,non-secure,Level,Active high,NO,YES,NO,NO,NO,YES,
外部中断源-from PSUB,,,,,,,,,,,,,
,0,psub_ras_cri_intr,参考《Greenland顶层与子系统间接口_PSUB.xlsx》psub_to_iosub_intr信号描述,non-secure,Level,Active high,YES,YES,YES,NO,NO,NO,
,1,psub_ras_eri_intr,,non-secure,Level,Active high,YES,YES,YES,NO,NO,NO,
,2,psub_ras_fhi_intr,,non-secure,Level,Active high,YES,YES,YES,NO,NO,NO,
,3,psub_normal0_intr,,non-secure,Level,Active high,YES,YES,YES,NO,NO,NO,
,4,psub_normal1_intr,,non-secure,Level,Active high,YES,YES,YES,NO,NO,NO,
,5,psub_normal2_intr,,non-secure,Level,Active high,YES,YES,YES,NO,NO,NO,
,6,psub_normal3_intr,,non-secure,Level,Active high,YES,YES,YES,NO,NO,NO,
,7,psub_normal4_intr,,non-secure,Level,Active high,YES,YES,YES,NO,NO,NO,
,8,psub_normal5_intr,,non-secure,Level,Active high,YES,YES,YES,NO,NO,NO,
,9,psub_normal6_intr,,non-secure,Level,Active high,YES,YES,YES,NO,NO,NO,
,10,psub_normal7_intr,,non-secure,Level,Active high,YES,YES,YES,NO,NO,NO,
,11,psub_abnormal0_intr,,non-secure,Level,Active high,YES,YES,YES,NO,NO,NO,
,12,psub_abnormal1_intr,,non-secure,Level,Active high,YES,YES,YES,NO,NO,NO,
,13,psub_abnormal2_intr,,non-secure,Level,Active high,YES,YES,YES,NO,NO,NO,
,14,psub_abnormal3_intr,,non-secure,Level,Active high,YES,YES,YES,NO,NO,NO,
,15,psub_abnormal4_intr,,non-secure,Level,Active high,YES,YES,YES,NO,NO,NO,
,16,psub_abnormal5_intr,,non-secure,Level,Active high,YES,YES,YES,NO,NO,NO,
,17,psub_abnormal6_intr,,non-secure,Level,Active high,YES,YES,YES,NO,NO,NO,
,18,psub_abnormal7_intr,,non-secure,Level,Active high,YES,YES,YES,NO,NO,NO,
,19,psub_normal8_intr,,non-secure,Level,Active high,NO,NO,YES,NO,NO,YES,
,20,psub_pll_lock_intr,,non-secure,Level,Active high,NO,NO,NO,NO,NO,NO,IOSUB内merge成1bit送给SCP
,21,psub_pll_unlock_intr,,non-secure,Level,Active high,NO,NO,NO,NO,NO,NO,IOSUB内merge成1bit送给SCP
外部中断源-from PCIE1,,,,,,,,,,,,,
,0,pcie1_ras_cri_intr,参考《Greenland顶层与子系统间接口_PCIE1.xlsx》pcie1_to_iosub_intr信号描述,non-secure,Level,Active high,NO,NO,NO,NO,NO,NO,与PSUB对应中断或在一起后使用，支持status寄存器
,1,pcie1_ras_eri_intr,,non-secure,Level,Active high,NO,NO,NO,NO,NO,NO,
,2,pcie1_ras_fhi_intr,,non-secure,Level,Active high,NO,NO,NO,NO,NO,NO,
,3,pcie1_normal0_intr,,non-secure,Level,Active high,NO,NO,NO,NO,NO,NO,
,4,pcie1_normal1_intr,,non-secure,Level,Active high,NO,NO,NO,NO,NO,NO,
,5,pcie1_normal2_intr,,non-secure,Level,Active high,NO,NO,NO,NO,NO,NO,
,6,pcie1_normal3_intr,,non-secure,Level,Active high,NO,NO,NO,NO,NO,NO,
,7,pcie1_normal4_intr,,non-secure,Level,Active high,NO,NO,NO,NO,NO,NO,
,8,pcie1_normal5_intr,,non-secure,Level,Active high,NO,NO,NO,NO,NO,NO,
,9,pcie1_normal6_intr,,non-secure,Level,Active high,NO,NO,NO,NO,NO,NO,
,10,pcie1_normal7_intr,,non-secure,Level,Active high,NO,NO,NO,NO,NO,NO,
,11,pcie1_abnormal0_intr,,non-secure,Level,Active high,NO,NO,NO,NO,NO,NO,
,12,pcie1_abnormal1_intr,,non-secure,Level,Active high,NO,NO,NO,NO,NO,NO,
,13,pcie1_abnormal2_intr,,non-secure,Level,Active high,NO,NO,NO,NO,NO,NO,
,14,pcie1_abnormal3_intr,,non-secure,Level,Active high,NO,NO,NO,NO,NO,NO,
,15,pcie1_abnormal4_intr,,non-secure,Level,Active high,NO,NO,NO,NO,NO,NO,
,16,pcie1_abnormal5_intr,,non-secure,Level,Active high,NO,NO,NO,NO,NO,NO,
,17,pcie1_abnormal6_intr,,non-secure,Level,Active high,NO,NO,NO,NO,NO,NO,
,18,pcie1_abnormal7_intr,,non-secure,Level,Active high,NO,NO,NO,NO,NO,NO,
,19,pcie1_normal8_intr,,non-secure,Level,Active high,NO,NO,NO,NO,NO,NO,
,20,pcie1_pll_lock_intr,,non-secure,Level,Active high,NO,NO,NO,NO,NO,NO,IOSUB内merge成1bit PLL中断送给SCP
,21,pcie1_pll_unlock_intr,,non-secure,Level,Active high,NO,NO,NO,NO,NO,NO,IOSUB内merge成1bit PLL中断送给SCP
外部中断源-from D2D,,,,,,,,,,,,,
,0,d2d_ras_cri_intr,子系统不用输出，IOSUB处tie 0即可,secure,Level,Active high,YES,YES,YES,NO,NO,NO,
,1,d2d_ras_eri_intr,参考《Greenland顶层与子系统间接口_D2D.xlsx》d2d_to_iosub_intr信号描述,secure,Level,Active high,YES,YES,YES,NO,NO,NO,
,2,d2d_ras_fhi_intr,,secure,Level,Active high,YES,YES,YES,NO,NO,NO,
,3,d2d_normal0_intr,,secure,Level,Active high,YES,YES,YES,NO,NO,NO,
,4,d2d_normal1_intr,,secure,Level,Active high,YES,YES,YES,NO,NO,NO,
,5,d2d_normal2_intr,,secure,Level,Active high,YES,YES,YES,NO,NO,NO,
,6,d2d_normal3_intr,,secure,Level,Active high,YES,YES,YES,NO,NO,NO,
,7,d2d_normal4_intr,,secure,Level,Active high,YES,YES,YES,NO,NO,NO,
,8,d2d_normal5_intr,,secure,Level,Active high,YES,YES,YES,NO,NO,NO,
,9,d2d_abnormal0_intr,,secure,Level,Active high,YES,YES,YES,NO,NO,NO,
,10,d2d_abnormal1_intr,,secure,Level,Active high,YES,YES,YES,NO,NO,NO,
,11,d2d_pll_lock_intr,,non-secure,Level,Active high,NO,NO,NO,NO,NO,NO,IOSUB内merge成1bit送给SCP
,12,d2d_pll_unlock_intr,,non-secure,Level,Active high,NO,NO,NO,NO,NO,NO,IOSUB内merge成1bit送给SCP
外部中断源-from DDR0,,,,,,,,,,,,,
,0,ddr0_ras_cri_intr,子系统不用输出，IOSUB处tie 0即可,non-secure,Level,Active high,YES,YES,YES,NO,NO,NO,
,1,ddr0_ras_eri_intr,参考《Greenland顶层与子系统间接口_DDR.xlsx》ddr_to_iosub_intr信号描述,non-secure,Level,Active high,YES,YES,YES,NO,NO,NO,
,2,ddr0_ras_fhi_intr,,non-secure,Level,Active high,YES,YES,YES,NO,NO,NO,
,3,ddr0_ch0_controller_intr,,non-secure,Level,Active high,YES,YES,YES,NO,NO,NO,
,4,ddr0_ch1_controller_intr,,non-secure,Level,Active high,YES,YES,YES,NO,NO,NO,
,5,ddr0_pi_intr,,non-secure,Level,Active high,YES,YES,YES,NO,NO,NO,
,6,ddr0_abnormal_intr,,non-secure,Level,Active high,YES,YES,YES,NO,NO,NO,
,7,ddr0_pll_lock_intr              ,,non-secure,Level,Active high,NO,NO,NO,NO,NO,NO,IOSUB内merge成1bit送给SCP
,8,ddr0_pll_unlock_intr            ,,non-secure,Level,Active high,NO,NO,NO,NO,NO,NO,
,9,ddr0_pll_frechangedone_intr     ,,non-secure,Level,Active high,NO,NO,NO,NO,NO,NO,
,10,ddr0_pll_frechange_tot_done_intr,,non-secure,Level,Active high,NO,NO,NO,NO,NO,NO,
,11,ddr0_pll_intdocfrac_err_intr  ,,non-secure,Level,Active high,NO,NO,NO,NO,NO,NO,
外部中断源-from DDR1,,,,,,,,,,,,,
,0,ddr1_ras_cri_intr,子系统不用输出，IOSUB处tie 0即可,non-secure,Level,Active high,YES,YES,YES,NO,NO,NO,
,1,ddr1_ras_eri_intr,参考《Greenland顶层与子系统间接口_DDR.xlsx》ddr_to_iosub_intr信号描述,non-secure,Level,Active high,YES,YES,YES,NO,NO,NO,
,2,ddr1_ras_fhi_intr,,non-secure,Level,Active high,YES,YES,YES,NO,NO,NO,
,3,ddr1_ch0_controller_intr,,non-secure,Level,Active high,YES,YES,YES,NO,NO,NO,
,4,ddr1_ch1_controller_intr,,non-secure,Level,Active high,YES,YES,YES,NO,NO,NO,
,5,ddr1_pi_intr,,non-secure,Level,Active high,YES,YES,YES,NO,NO,NO,
,6,ddr1_abnormal_intr,,non-secure,Level,Active high,YES,YES,YES,NO,NO,NO,
,7,ddr1_pll_lock_intr              ,,non-secure,Level,Active high,NO,NO,NO,NO,NO,NO,IOSUB内merge成1bit送给SCP
,8,ddr1_pll_unlock_intr            ,,non-secure,Level,Active high,NO,NO,NO,NO,NO,NO,
,9,ddr1_pll_frechangedone_intr     ,,non-secure,Level,Active high,NO,NO,NO,NO,NO,NO,
,10,ddr1_pll_frechange_tot_done_intr,,non-secure,Level,Active high,NO,NO,NO,NO,NO,NO,
,11,ddr1_pll_intdocfrac_err_intr  ,,non-secure,Level,Active high,NO,NO,NO,NO,NO,NO,
外部中断源-from ddr2,,,,,,,,,,,,,
,0,ddr2_ras_cri_intr,子系统不用输出，IOSUB处tie 0即可,non-secure,Level,Active high,YES,YES,YES,NO,NO,NO,
,1,ddr2_ras_eri_intr,参考《Greenland顶层与子系统间接口_DDR.xlsx》ddr_to_iosub_intr信号描述,non-secure,Level,Active high,YES,YES,YES,NO,NO,NO,
,2,ddr2_ras_fhi_intr,,non-secure,Level,Active high,YES,YES,YES,NO,NO,NO,
,3,ddr2_ch0_controller_intr,,non-secure,Level,Active high,YES,YES,YES,NO,NO,NO,
,4,ddr2_ch1_controller_intr,,non-secure,Level,Active high,YES,YES,YES,NO,NO,NO,
,5,ddr2_pi_intr,,non-secure,Level,Active high,YES,YES,YES,NO,NO,NO,
,6,ddr2_abnormal_intr,,non-secure,Level,Active high,YES,YES,YES,NO,NO,NO,
,7,ddr2_pll_lock_intr              ,,non-secure,Level,Active high,NO,NO,NO,NO,NO,NO,IOSUB内merge成1bit送给SCP
,8,ddr2_pll_unlock_intr            ,,non-secure,Level,Active high,NO,NO,NO,NO,NO,NO,
,9,ddr2_pll_frechangedone_intr     ,,non-secure,Level,Active high,NO,NO,NO,NO,NO,NO,
,10,ddr2_pll_frechange_tot_done_intr,,non-secure,Level,Active high,NO,NO,NO,NO,NO,NO,
,11,ddr2_pll_intdocfrac_err_intr  ,,non-secure,Level,Active high,NO,NO,NO,NO,NO,NO,
外部中断源-from IO DIE,,,,,,,,,,,,,
,0,io_die_intr_0_intr,,non-secure,Level,Active high,NO,YES,NO,NO,NO,NO,
,1,io_die_intr_1_intr,,non-secure,Level,Active high,NO,YES,NO,NO,NO,NO,
,2,io_die_intr_2_intr,,non-secure,Level,Active high,NO,YES,NO,NO,NO,NO,
,3,io_die_intr_3_intr,,non-secure,Level,Active high,NO,YES,NO,NO,NO,NO,
,4,io_die_intr_4_intr,,non-secure,Level,Active high,NO,YES,NO,NO,NO,NO,
,5,io_die_intr_5_intr,,non-secure,Level,Active high,NO,YES,NO,NO,NO,NO,
,6,io_die_intr_6_intr,,non-secure,Level,Active high,NO,YES,NO,NO,NO,NO,
,7,io_die_intr_7_intr,,non-secure,Level,Active high,NO,YES,NO,NO,NO,NO,
,8,io_die_intr_8_intr,,non-secure,Level,Active high,NO,YES,NO,NO,NO,NO,
,9,io_die_intr_9_intr,,non-secure,Level,Active high,NO,YES,NO,NO,NO,NO,
,10,io_die_intr_10_intr,,non-secure,Level,Active high,NO,YES,NO,NO,NO,NO,
,11,io_die_intr_11_intr,,non-secure,Level,Active high,NO,YES,NO,NO,NO,NO,
,12,io_die_intr_12_intr,,non-secure,Level,Active high,NO,YES,NO,NO,NO,NO,
,13,io_die_intr_13_intr,,non-secure,Level,Active high,NO,YES,NO,NO,NO,NO,
,14,io_die_intr_14_intr,,non-secure,Level,Active high,NO,YES,NO,NO,NO,NO,
,15,io_die_intr_15_intr,,non-secure,Level,Active high,NO,YES,NO,NO,NO,NO,
,16,io_die_intr_16_intr,,non-secure,Level,Active high,NO,YES,NO,NO,NO,NO,
,17,io_die_intr_17_intr,,non-secure,Level,Active high,NO,YES,NO,NO,NO,NO,
,18,io_die_intr_18_intr,,non-secure,Level,Active high,NO,YES,NO,NO,NO,NO,
,19,io_die_intr_19_intr,,non-secure,Level,Active high,NO,YES,NO,NO,NO,NO,
,20,io_die_intr_20_intr,,non-secure,Level,Active high,NO,YES,NO,NO,NO,NO,
,21,io_die_intr_21_intr,,non-secure,Level,Active high,NO,YES,NO,NO,NO,NO,
,22,io_die_intr_22_intr,,non-secure,Level,Active high,NO,YES,NO,NO,NO,NO,
,23,io_die_intr_23_intr,,non-secure,Level,Active high,NO,YES,NO,NO,NO,NO,
,24,io_die_intr_24_intr,,non-secure,Level,Active high,NO,YES,NO,NO,NO,NO,
,25,io_die_intr_25_intr,,non-secure,Level,Active high,NO,YES,NO,NO,NO,NO,
,26,io_die_intr_26_intr,,non-secure,Level,Active high,NO,YES,NO,NO,NO,NO,
,27,io_die_intr_27_intr,,non-secure,Level,Active high,NO,YES,NO,NO,NO,NO,
,28,io_die_intr_28_intr,,non-secure,Level,Active high,NO,YES,NO,NO,NO,NO,
,29,io_die_intr_29_intr,,non-secure,Level,Active high,NO,YES,NO,NO,NO,NO,
,30,io_die_intr_30_intr,,non-secure,Level,Active high,NO,YES,NO,NO,NO,NO,
,31,io_die_intr_31_intr,,non-secure,Level,Active high,NO,YES,NO,NO,NO,NO,
